Derrik,Metson,2004-04-16
Jed,Kelberer,1967-08-04
Pasquale,Bahls,2007-05-27
Banky,Doreward,1959-05-26
Calypso,Jenken,2004-02-11
Bank,McBrearty,2015-11-28
Mel,Lepard,2002-02-15
Cortie,Malins,1955-06-18
Berenice,Yurkov,1998-09-29
Karlotta,Bobasch,1958-01-24
Cahra,Priestley,1990-02-10
Morgana,Strahan,1990-04-18
Misha,Milby,1968-08-28
Felecia,Shiels,1962-09-08
Phillipp,Giovanazzi,1953-09-28
Lorilee,Binion,2014-04-14
Timmie,Danjoie,1957-01-02
Katheryn,Golston,1992-12-23
Gaby,Bigby,1960-07-20
Lyndsey,Pittendreigh,2016-05-26
Ermengarde,Oxborrow,1993-08-31
Myca,Chasier,1979-05-02
Rancell,Foulkes,1967-04-14
Nolly,Normabell,2005-06-14
Maible,Waison,1974-08-24
Vinni,Matus,1962-02-10
Creighton,McGaughie,1963-04-23
Clementine,Macia,1999-03-23
Michel,Roche,1968-02-14
Filia,Snoddon,1954-09-28
Kath,Hateley,1961-12-14
Giff,Harp,1971-01-31
Judd,Aberdeen,1955-02-10
Glynn,Chartre,1958-04-24
Tommy,Hickenbottom,1992-10-17
Valentine,Teasey,1989-11-05
Rubin,Currie,1962-04-05
Fletch,Heak,1985-02-17
Madge,Vahey,1957-07-05
Meredith,Haselden,1979-09-05
Vittorio,Chamberlain,1981-07-07
Dru,Schapiro,2013-09-27
Willi,Polini,1971-04-22
Martica,Wigginton,1977-06-30
Tamqrah,Gregorace,1986-05-06
Paul,Grinham,1976-03-07
Dulcine,Fishby,1960-04-15
Valeria,Shanahan,1999-03-26
Daloris,Hugk,1952-10-03
Konstantine,Newburn,1980-06-27
Ax,Quene,1952-03-02
Humfrey,Shivlin,1959-10-06
Onfre,Copestake,1963-10-02
Porter,Schutte,1990-07-12
Candace,Puddephatt,1979-01-01
Anatol,Truce,1977-06-06
Christophe,Rudkin,1995-01-10
Kelsey,Ducaen,2016-06-01
Jeromy,Simm,2010-08-09
Reamonn,MacElharge,1979-04-26
Alisha,Sedgman,1957-06-11
Davis,Ellwand,1992-08-25
Janeva,Frankcomb,1971-01-22
Glenine,McGeechan,1959-05-10
Nevsa,McCormick,1953-08-27
Sheba,Giacomini,1978-06-10
Inessa,Long,1989-06-28
Meaghan,Innocent,2004-04-24
Bard,Callway,1988-04-05
Deloris,Lornsen,2005-07-24
Leo,Bartlam,1984-07-26
Zandra,Wilmot,1991-07-20
Catharine,Benedick,1962-03-23
Brod,Studders,1984-04-25
Cairistiona,Pursey,1995-09-21
Wynne,Marryatt,1979-09-22
Evanne,Stubley,1959-03-17
Abby,Cranmore,1961-03-26
Nikolaus,Geraghty,1955-11-13
Gillan,Godsmark,1962-05-03
Vernen,MacColl,2013-09-07
Hubey,Poland,1989-04-11
Archibold,Nutten,1994-03-17
Agace,Del Castello,1988-04-25
Siffre,Benford,2001-05-12
Terry,Tartt,1957-02-23
Sarine,Josefsson,1956-02-19
Ada,Korlat,1965-07-04
Bronny,Woodfin,1959-03-06
Vinson,Macer,2013-07-14
Gerrie,Lyle,1955-12-01
Hugues,Machon,1974-10-07
Arly,Fierro,1976-06-30
Valera,Cockitt,1988-09-23
Skyler,Kilshaw,2007-12-05
Alina,Hatherell,1951-11-25
Lorinda,Winfrey,1997-07-21
Zea,Buchanan,1979-04-16
Torey,Keyson,1990-04-05
Syman,Koles,1953-11-09
Rolph,Wedderburn,2018-11-07
Glyn,Corteney,1961-07-03
Heall,Jozefowicz,2012-10-06
Blanch,Upham,2003-09-30
Rayna,Philipet,1993-07-07
Milty,Paolazzi,1990-03-17
Danell,MacHostie,1956-06-21
Carlynn,Tregunnah,1994-12-31
Evered,Grocott,2001-08-16
Renaud,Spollen,1952-01-17
Malia,Bulle,1965-08-18
Biddie,Newiss,1950-11-09
Lynda,Allbut,1978-07-26
Barry,Wibberley,1976-11-08
Ward,Hiddy,1972-09-20
Salli,Hillitt,1975-07-20
Nancey,Guiot,1977-11-30
Anderson,Spurrett,2015-06-19
Emery,McGray,2014-11-09
Darren,Maunton,1958-09-02
Stanislaw,Risman,2008-05-21
Christophe,Burstowe,1976-06-04
Cristionna,Bence,1969-10-17
Neala,Thomazet,1991-04-27
Nahum,Meaton,1989-06-22
Tades,Schrinel,1981-11-09
Ann-marie,Dosdale,1991-03-02
Heidie,Goch,1996-10-21
Liana,Riddick,1969-12-18
Auguste,Axe,1978-04-23
Rae,Dashkovich,1997-04-06
Joleen,Banister,1981-01-26
Kassia,Castelletto,1980-07-18
Franni,Hamner,2000-07-25
Olympe,St. John,2019-03-22
Joe,De Carlo,1993-08-28
Almira,Hambrick,2011-04-07
Tiertza,Buggs,2000-01-02
Wallis,Silmon,2017-01-05
Lainey,Gisby,1976-01-21
Monti,Iban,2016-06-08
Godfrey,Sager,2004-01-28
Alasdair,Blewitt,1993-03-06
Doralynn,Jest,1955-04-13
Constantine,Serjent,1956-09-01
Roseanna,O'Fogarty,1967-04-22
Micki,Barlace,1954-03-15
Madelin,Gulleford,1988-01-09
Lolita,Swainson,1983-03-13
Philomena,Lindblom,2013-10-12
Skelly,Caudrey,1966-07-06
Fae,Fairlaw,2002-12-23
Siegfried,Gonthier,1996-02-13
Angy,Kittless,1954-08-11
Francisco,Angrock,2005-10-27
Ruthann,Doughill,1973-07-30
Clari,Jewis,1957-12-06
Melli,Lorence,1977-10-22
Caroljean,Rowlin,1993-01-10
Ara,Rothery,1961-12-19
Lilyan,Hartnup,1983-01-19
Emanuele,Medford,2019-02-20
Enrique,Newband,2014-07-11
Georgi,Clogg,2010-10-02
Luisa,Spawell,1964-03-18
Bernice,Masseo,1953-01-16
Wildon,Sawday,2009-05-09
Julita,Vickery,1980-08-03
Arvie,Riddick,1977-09-17
Tracey,Olyfant,1983-05-20
Harli,Newby,2008-01-10
Chickie,Luxford,2014-12-01
Hyacinthia,Ambrosio,2018-03-19
Georgeta,Bum,2006-12-12
Phaedra,Thow,1996-01-01
Maryann,Crilley,1974-06-07
Ernst,Radnedge,1960-12-05
Ivett,Etter,1971-04-13
Theodosia,Agar,1958-07-11
Ebonee,Lidgertwood,1974-07-05
Mercy,Given,1991-09-24
Heinrick,Ledner,1996-12-28
Rabbi,Butts,2001-05-11
Jennette,Scarffe,1963-11-03
Sullivan,Spincks,1964-09-24
Marne,Maystone,2004-10-08
Aloysius,Dorro,1971-08-26
Felipe,Cashen,1972-03-06
Olva,Knellen,2011-12-23
Edwina,Dyne,1957-07-16
Maure,Briggs,2013-09-14
Hedvige,Purcell,1966-07-05
Kali,Mooreed,2012-08-30
Tamma,Hablet,1952-12-26
Wilone,Sazio,1990-07-13
Selie,Andrieux,1975-04-15
Holly-anne,Birnie,1971-07-30
Germayne,Anmore,2013-02-01
Juditha,Cinnamond,1956-10-23
Wilmer,Fluin,1991-12-12
Baron,O'Doherty,2013-06-13
Cissiee,Bolingbroke,1968-09-09
Karolina,Scones,2014-09-16
Rikki,Gigg,1972-09-14
Diena,Prinn,2017-11-11
Kathleen,Innes,1993-05-22
Sissy,Mont,1958-07-21
Griz,Finnan,1964-09-13
Mallory,Harrowsmith,2014-05-17
Charlene,Locks,2013-10-15
Bianka,Guerreiro,2000-09-30
Gaylord,Shillington,1975-12-19
Windy,Long,1962-09-16
Roseanna,Balam,1962-11-16
Gordie,Ranshaw,2013-01-29
Damiano,Letcher,1977-09-29
Rikki,Croutear,1952-05-05
Edouard,Mackrill,1966-08-31
Elia,McLennan,1962-02-17
Gerty,Wendover,1959-12-10
Saraann,MacKnockiter,2017-01-27
Kelsey,Trengove,1954-06-08
Kermit,McCloud,1975-01-08
Duffy,McIlwrath,1977-07-14
Faye,Osbiston,1979-01-23
Hamid,Crockett,1981-06-29
Kele,Lowden,1958-01-06
Hernando,Maslen,1959-11-24
Rica,McKinna,1987-07-13
Mab,Ivashkin,1963-09-26
Jorey,Tyers,1996-06-27
Lynde,Melville,2015-11-01
Imogene,Grierson,1968-06-12
Maryellen,Tenwick,1978-05-04
Worden,Sandaver,2006-12-27
Honoria,Hadye,1969-10-12
Kelcey,Vasentsov,2012-12-16
Bobbi,Hamblington,1996-01-01
Laurella,Yeandel,1978-06-24
Felisha,Culham,2010-04-06
Eirena,Britten,2010-12-05
Gregory,Ebenezer,1968-12-22
Orelia,Battrick,1980-08-15
Kara,Emma,1993-04-12
Marissa,Bastock,1957-07-11
Eloise,Surguine,1951-04-05
Meris,Sylvester,1964-02-16
Carmen,Ivanyushkin,1953-10-01
Jephthah,Philipson,2002-12-17
Charles,Dicks,1975-01-31
Idalina,Stidston,1961-11-14
Sheeree,Livick,2010-11-07
Korry,Gwinn,2009-11-02
Antoine,Rookes,2006-03-07
Dorian,Wallace,1976-02-01
Halley,McSweeney,1975-08-04
Ingrim,Jaukovic,1998-03-15
Kimmi,Lippo,2002-02-15
Tobie,Baniard,1987-02-27
Alec,Lindeman,1951-06-01
Laure,Spurnier,1966-07-08
Shirl,Salsbury,1994-11-15
Georgeta,Chismon,2006-03-30
Silvia,Estcourt,1979-03-12
Liliane,Goldston,2011-05-31
Preston,Singyard,1965-04-19
Linn,Pearson,2006-12-03
Randie,Pendrey,1962-01-14
Valeda,Winnett,1976-03-03
Elle,Fibbens,2018-04-22
Ileana,Janway,1985-01-21
Theda,Nowakowska,1985-02-18
Nonah,Rossin,1952-07-21
Kathlin,Jouning,2012-11-05
Merill,Reisin,1994-03-03
Lucilia,Skedgell,1976-08-18
Kelci,Biddlecombe,2014-07-06
Ken,Folkerd,1959-01-14
Gill,Bater,2002-06-17
Elijah,Arne,1952-01-04
Adelind,Martina,2008-09-01
Eva,Stenbridge,1980-09-11
Minda,Scarisbrick,1957-04-05
Rebecka,Chatelot,1967-08-30
Baillie,Brunet,1977-05-26
Ivan,Larway,1965-11-12
Yoko,MacCartair,1963-05-25
Herschel,Rustan,2009-07-04
Erinna,Usborn,2005-05-01
Wash,Perceval,1972-09-25
Elianora,Rosenkrantz,2011-07-20
Damara,Sandercroft,1998-12-31
Claudian,Cuxson,2008-11-13
Mathias,Ambrosch,2007-10-09
Lita,Aucourte,2009-01-02
Livvy,Chiverstone,2003-07-15
Heriberto,Barthot,2003-06-20
Aurora,Prahl,2016-01-06
Madge,Louca,1990-09-08
Robbin,Tolputt,1954-11-08
Kiri,Agostini,2017-02-25
Cathrin,Boxen,2010-12-18
Giralda,Reddihough,1991-05-04
Pinchas,Reames,1959-12-27
Angie,Morphew,1951-08-08
Karita,Daggett,1952-04-07
Tirrell,Shyram,1958-04-11
Billye,Oke,1994-01-07
Sher,Klas,2001-06-01
Jethro,Grassi,1992-12-23
Mel,Henriquet,2002-09-01
Pier,Tacker,2016-04-22
Scottie,Stave,1974-05-20
Marcus,Rooze,1995-02-07
Tatiana,Coldwell,1965-06-19
Bond,Dielhenn,1985-07-26
Dolly,Grinaway,1975-03-25
Roseanna,Booeln,1954-02-15
Cristian,Wyborn,1996-06-20
Brigitta,Escalera,2000-03-14
Helen,Fishbourn,1992-02-25
Parry,Iacovides,2001-07-05
Toddie,Philo,1993-03-26
Shannon,Yakuntsov,2008-01-20
Ianthe,Brower,1981-08-09
Conrade,Urwen,2008-11-01
Alva,Verissimo,1980-06-29
Murry,Heistermann,1996-04-28
Coretta,Aiken,2015-03-05
Emiline,Luetkemeyers,2002-06-14
Carlin,Marchent,1984-06-27
Daniel,Deadman,2014-02-13
Jone,Lane,2006-01-18
Ancell,Scholefield,2004-07-25
Hill,Huggan,1962-04-08
Barbe,Darnbrough,1973-11-13
Amy,Bardwall,2011-08-03
Gabbi,Kofax,2003-04-11
Portie,Paver,2002-10-01
Rosita,Mallett,2004-06-24
Giuditta,Danielski,1983-10-15
Wilow,Sibary,2002-10-11
Sigismundo,Dodswell,1987-08-25
Claudelle,Unitt,2014-08-16
Magdalene,Sedge,1966-11-21
Ivett,Stivani,2019-05-05
Franzen,Robilart,2009-01-17
Rabbi,Catteroll,1960-12-17
Glenden,Mussared,2004-01-27
Nelly,MacRedmond,2011-07-31
Miller,Kisar,1979-04-19
Ninette,Lampe,2003-04-08
Aurelea,Kunz,2002-03-25
Marilyn,Ceschini,2008-12-15
Sammy,Insole,2010-10-07
Renee,Beernaert,1959-08-09
Loise,Sapena,2016-09-29
Levon,Merrgen,1998-08-19
Phip,Barnish,1959-09-27
Thorvald,Guilaem,1970-05-27
Johanna,Machans,2004-03-11
Willette,Greves,1975-08-11
Serge,Fossett,1961-03-15
Jana,Pedlingham,1972-02-02
Amandy,Peotz,1952-04-30
Betteanne,Harmour,1966-02-16
Paulie,Helian,1983-11-09
Joshia,Messager,1979-12-09
Leticia,Truluck,1959-09-20
Simone,Sessuns,2015-12-17
Mill,Passmore,2016-12-31
Lock,Ryam,1986-09-26
Olivette,Micheau,1962-05-12
Lilla,Ciciari,1990-11-07
Bucky,Bakewell,2019-04-05
Coreen,Martinie,1979-05-29
Rip,Fish,1980-03-14
Baron,Canacott,2000-12-26
Humfrid,Rofe,2006-10-17
Ashbey,Barwell,1968-01-17
Simone,Loveland,1988-02-07
Pooh,Pigney,1966-01-05
Barbie,Skudder,1981-05-03
Elaina,Lampkin,1951-11-02
Simona,Honywill,1961-08-24
Lucias,Gaiford,1985-09-26
Hill,Pattle,1956-03-18
Arlette,Chowne,2015-02-17
Juliana,Filliskirk,2007-11-16
Winona,Dorant,2012-09-14
Chrisse,Boate,1952-05-14
Marijn,Makinson,1987-08-03
Kristofor,Parrish,1988-12-19
Lorrin,Darkins,1978-01-30
Daniel,Armsby,1960-08-05
Josi,Fleetham,1967-09-19
Calypso,Halpen,1966-02-07
Jan,Rounding,2017-05-07
Joycelin,Minucci,2001-09-27
Randee,Moizer,2019-01-15
Oren,O'Kinneally,2006-07-20
Carlyn,McCahill,2001-01-30
Tasha,Aldin,1979-09-13
Jamie,Petkovic,1975-07-26
Davis,Eary,1982-03-26
Austin,Belliss,1983-03-28
Lowrance,Learoyde,2007-08-08
Rivkah,Greenset,1991-06-25
Beck,Beek,1959-01-22
Nickolaus,Ledrane,1975-02-09
Mariele,Petti,1985-12-13
Cassaundra,Lingner,1993-07-12
Joshua,Balsillie,2007-04-24
Krystyna,Bramhall,1998-03-01
Marlyn,Lucus,1954-03-05
Paulina,Ferrini,1985-02-09
Maddie,Eddie,2001-02-28
Sadye,Orman,1963-10-21
Hebert,Spriggin,1968-06-08
Malinda,Lightowlers,1969-12-05
Della,Menlove,1961-04-05
Piper,Dunkerk,2011-10-24
Clotilda,Crossingham,1965-08-14
Sherm,Edgecombe,1977-10-05
Raffarty,Farington,1961-03-17
Izaak,Wibrew,1953-07-28
Merissa,Openshaw,1999-01-12
Burnard,Baldelli,1981-07-28
Jory,Camelli,1975-08-27
Dodie,Gillam,1961-04-29
Mariska,Minci,2017-01-09
Ashien,Petyt,2000-05-11
Arel,Rentilll,1971-11-22
Arielle,Dowears,1996-07-05
Tito,Bolter,1968-08-09
Katrina,Turvey,1962-09-05
Lily,Balducci,1951-07-26
Devan,Lutwyche,2008-12-09
Skipton,Jennrich,2008-01-20
James,Anespie,1958-12-20
Barbette,Fantini,1977-10-08
Muriel,Rubi,1956-09-13
Thornie,Cockrell,1956-08-15
Venus,Loomes,1968-08-20
Michail,Courteney,1983-10-01
Pansie,Ollive,1997-10-17
Amelia,Mityukov,1980-08-04
Berna,Lanigan,2017-12-24
Cassius,Biernacki,1980-11-11
Maris,Horick,1983-03-30
Cirstoforo,Durie,2016-01-05
Jannel,Storek,1954-10-20
Evie,Faldo,1959-05-26
Burgess,Utting,2008-08-12
Ive,Berthome,2006-10-20
Fitz,Bernhart,1950-12-21
Paola,Barbrook,1988-09-10
Ilysa,Simonnot,1956-05-22
Creight,Petican,1990-06-04
Zackariah,Everill,1971-12-19
Alison,Anselmi,1982-06-13
Blondell,Vedeshkin,1980-12-16
Theobald,Cham,1970-06-22
Norri,Birtles,1978-03-03
Allen,Halson,1984-08-25
Manny,Setterfield,1972-08-16
Trstram,Effaunt,1971-11-20
Stirling,Ivamy,2003-10-12
Issi,Tidder,2012-05-03
Freddy,Khosa,2005-03-18
Lorena,Northidge,2012-12-03
Lulita,Portwain,2006-07-13
Sylas,Kristufek,1976-02-16
Aloise,Diben,1972-06-06
Taber,Laverick,2001-02-20
Caril,Justis,1977-03-13
Sunny,Langman,1958-11-17
Emmit,Piletic,2014-02-15
Maurita,Nurcombe,2008-04-11
Mayne,Moulsdall,1966-10-03
Giraldo,Harston,1983-11-02
Jobyna,Verecker,2019-08-24
Kath,Allatt,2013-06-22
Elaina,Hunnaball,2006-03-13
Maisie,Coulston,1971-05-24
Robby,Hedau,1993-11-18
Bogart,Fossitt,2010-08-20
Elizabet,Bloor,2013-05-27
Kristal,Benion,2014-04-09
Chris,Bulleyn,1999-10-06
Lani,Middleweek,1990-04-13
Kathie,Gamblin,1988-02-04
Alberik,Worboy,1968-05-11
Ignaz,Vasenin,2002-01-24
Marti,Zambon,2006-08-28
Wiatt,Nucci,2003-06-11
Roseanna,Plowes,2010-07-13
Fedora,Vasyukov,1974-05-29
Elsey,Freegard,1996-12-05
Corrie,Mc Queen,1951-09-23
Ricki,Winkell,1980-12-15
Anstice,O'Hoolahan,1968-01-21
Wandie,Musicka,1960-09-29
El,Di Iorio,1971-07-14
Shermy,Wile,1986-11-10
Mario,Naish,2019-04-12
Ced,Di Biagi,1975-06-01
Berri,Beazleigh,1964-10-22
Bear,Bortolazzi,1987-04-10
Kippy,Hickisson,1960-07-06
Stirling,Sully,1980-01-14
Margaretta,Emmitt,1984-06-05
Lynne,Strowlger,1952-11-13
Gabbie,Dabels,1989-05-24
Fredra,Yellowlea,1969-03-03
Dick,Chaudhry,2018-06-07
Patrice,Lagadu,1986-12-16
Kaspar,Mattam,2012-10-23
Wilhelmina,Gilstoun,1978-07-18
Gertrudis,Lernihan,2003-11-05
Joe,Thoresbie,2002-12-14
Boot,Sephton,2018-06-03
Malorie,Milsted,2018-05-18
Sammy,McCaskell,1993-04-30
Anatol,Nutbean,1961-08-12
Vaughn,Wardlow,1985-07-06
Selby,Coopper,2007-05-17
Garek,Draper,1968-06-20
Elsworth,Perrelli,1978-12-30
Adelice,Kenworthy,2003-12-25
Derick,Scotney,1963-07-04
Lucky,Gillatt,1973-07-07
Bord,Mayou,2007-05-20
Deonne,Jessop,1954-02-09
Marie-ann,Harriot,1982-01-12
Elsworth,Rysom,2012-01-31
Alair,Toffoletto,1980-04-20
Dael,Amorts,1999-06-02
Nelli,Atcherley,1957-06-21
Randie,Faichney,1991-12-17
Packston,Klainer,1969-03-13
Lula,Lease,2015-07-20
Crissie,Faccini,1962-11-23
Kris,Elsworth,2013-04-10
Tuck,Mabey,1975-06-24
Hilary,Spenton,1962-07-22
Prisca,Oldroyd,1971-11-23
Hayden,Ciobutaru,1955-05-31
Salome,Fantin,2002-11-11
Carl,Carlill,2002-11-30
Mercy,Lamanby,1975-03-17
Bartlett,Errol,1984-01-07
Hollyanne,Whitehair,2016-09-10
Maxine,Drinan,2002-11-10
Burnaby,Jizhaki,1974-02-08
Bab,Gaukroger,2005-04-16
Anabel,Jodrelle,1989-10-01
Jenna,Joreau,1962-09-03
Shayla,Sutherley,2013-08-10
Klara,Quick,1986-06-30
Rycca,Goldingay,2016-10-17
Nil,Seaman,1984-09-22
Charmaine,Norwood,1990-08-29
Dalston,Melwall,1966-01-04
Frasco,Harner,1997-06-30
Britt,Kardos-Stowe,1980-09-02
Kore,Ramsdale,1975-09-20
Flory,Tejada,2007-08-17
Sim,Seward,2003-05-04
Isobel,Rumbellow,2000-03-10
Hasty,Poundsford,1991-04-01
Lolita,Shasnan,1951-09-03
Charlene,Mayne,1974-06-08
Tonia,Doerr,2010-05-12
Tabby,Tankin,1985-06-06
Burnaby,Collaton,1950-12-14
Renie,Songust,1991-09-19
Durant,Fullick,1997-09-13
Dan,Cinnamond,1993-07-10
Abby,D'Alesio,1964-08-17
Windham,Wearing,1969-01-18
Kimberli,Feak,1954-11-16
Laural,Djorevic,1958-09-16
Bethanne,O'Hara,1965-04-19
Clarissa,Knellen,1973-09-13
Ashil,Quartermain,1981-04-06
Nicki,Laurent,1987-07-30
Brewster,Bonnick,1957-04-23
Lanae,Fontell,1957-02-11
Bard,Narrie,1988-11-19
Paolina,Wassell,1957-03-25
Eldon,Jahns,2008-02-14
Hadria,Fanti,2008-11-16
Chalmers,Kaas,1958-09-22
Dredi,Plumptre,1974-11-27
Borden,Ghidini,1993-07-06
Celisse,Ranyell,1956-03-08
Wilmar,Canet,1994-09-09
Myrtice,Balazot,1978-09-29
Obediah,Dering,2018-12-24
Tanny,Cattermull,1987-10-30
Deeann,Byres,1956-09-14
Jobi,Mulryan,1987-10-19
Pooh,Goodby,1976-12-25
Katrine,Ramard,2012-08-10
Benji,Rattry,2008-09-07
Jacqueline,Ruckledge,2003-04-03
Belia,Stieger,2003-12-26
Reuben,Mosen,1970-03-31
Dierdre,Fortune,1981-12-10
Vania,Grunnill,2003-04-29
Susy,Norwell,1964-11-04
Egon,Nast,2006-01-05
Nadine,De Zamudio,1952-03-13
Jozef,Glyn,2012-05-03
Eydie,Vardy,1996-07-31
Scott,Jager,2004-10-23
Tiler,Arkle,1974-01-08
Bryn,Heaphy,1955-05-14
Chen,Leinthall,1951-10-09
Xenos,Yetman,1951-09-27
Rubina,Sowersby,1975-06-25
Dennie,Arstingall,1952-03-12
Kore,MacCarlich,1963-06-10
Stearne,Bouette,2013-07-17
Ellene,Pashenkov,2017-07-05
Philomena,Stodd,1959-12-18
Leese,Schutter,1964-02-02
Merell,Juniper,1990-02-27
Claiborne,Hayen,2000-06-05
Brand,Raftery,1955-12-15
Rick,Backman,1990-08-10
Sheppard,Bellon,1968-08-11
Chrissy,Roget,1989-02-04
Sterne,Slad,1991-01-13
Byrle,Belvard,1988-12-27
Indira,Fratczak,2004-11-05
Darcie,MacLoughlin,1964-02-08
Amelie,Fiddian,1988-02-03
Johannes,O'Donovan,1984-10-16
Rudie,Conti,2012-02-02
Hans,Hankin,1982-10-19
Bennie,Krolman,2004-10-28
Jo,Willbond,1975-08-13
Florenza,Dykins,1988-03-03
Karyn,Davern,2012-04-23
Markus,Ferminger,1978-02-25
Yehudi,Peel,2018-05-17
Marwin,Gooch,2011-10-11
Kile,Groucutt,1972-06-29
Nixie,Josling,1984-06-17
Guenevere,Myring,1974-04-14
Claire,Amoss,1969-02-18
Obed,Postgate,1973-04-08
Teirtza,Bergen,1955-12-10
Sallie,Peter,1965-07-10
Monte,Ainsley,1961-02-09
Baxy,Townes,1961-09-04
Cindie,Busher,1983-05-16
Misti,Glasspool,1980-01-01
Weber,Wisby,1999-10-18
Donal,Pressnell,2019-04-06
Saraann,Bertome,2002-02-15
Tiffie,Plover,1977-08-18
Jabez,Compford,1993-10-12
Maxi,Boote,1990-01-01
Ambrosi,Fidgeon,1979-02-19
Rodrick,Healing,2013-01-20
Elston,Treamayne,2017-07-12
Sinclare,Hebblewhite,1969-07-16
Carlynne,Doerrling,1976-06-01
Angel,Coale,2007-08-20
Augy,Ambrodi,2006-11-18
Phillie,Balentyne,2015-04-26
Marshal,Calderwood,1951-01-14
Aleece,Tremblet,1982-04-10
Emma,Klass,1984-04-23
Reagan,Veitch,2018-07-29
Xaviera,Martinyuk,2017-02-24
Lorenza,Veare,1957-07-18
Jere,Perrycost,1986-02-14
Colby,Rabbitt,2005-07-08
Pattie,Dyball,1957-05-13
Kinsley,Wenger,2007-11-21
Kim,Kemmey,1989-05-01
Estrellita,Cominotti,1971-06-06
Jarret,Headech,1957-10-05
Augy,Panting,1987-12-13
Marlow,Stothert,1991-12-30
Illa,Boothe,1977-03-19
Devin,Adds,1982-12-25
Leif,Deport,2009-09-15
Hedwig,Reder,1968-05-08
Kippie,Jansens,1996-09-05
Jacky,Allans,2000-04-30
Tresa,Formoy,1987-08-02
Cly,Sloey,1954-05-11
Mead,Allebone,1992-09-09
Harli,Keepence,1972-03-22
Rubia,Willmont,1996-10-07
Cordie,Ambrodi,1955-07-27
Fee,Nurden,1977-12-30
Odille,Normandale,1976-06-06
Randolph,de Courcey,1965-05-19
Clyve,Bottby,1970-03-16
Sharron,Barrick,2016-07-23
Garwin,Whittington,1967-01-15
Irvine,Saltrese,2017-04-22
Ody,Charker,1962-03-24
Elroy,Attride,2009-09-21
Cchaddie,Stoad,1957-10-18
Candy,Rockwell,1969-11-27
Phip,Rambaut,2001-02-06
Kahaleel,Perryman,1983-10-22
Val,Rowantree,1963-07-16
Ad,Saing,2004-12-12
Vernice,Lamba,1972-06-12
Eloisa,Pantling,2003-11-28
Anders,Whellams,1954-02-03
Cirstoforo,Ellams,1991-02-12
Isa,Conklin,1967-03-13
Cassy,MacConnel,1975-05-27
Jobi,Cash,2010-02-15
Olivie,Wylie,1963-03-03
Ronnica,Macvey,2007-12-28
Jillana,Ganing,1958-12-08
Kippy,Cymper,2007-11-04
Sean,Hadny,1994-10-18
Salvidor,Hammerson,2015-10-24
Mamie,Timberlake,1996-02-11
Maura,Varley,1969-12-17
Antonietta,Capp,1991-02-14
Pearl,Thebe,2013-10-25
Poul,Bordessa,2011-10-20
Daloris,Coldtart,1980-07-08
Jordan,Baldelli,2001-11-24
Tobit,Merali,2008-12-16
Ellette,Feehan,1992-11-16
Gabrielle,Spelwood,1951-08-05
Georgena,Kembrey,1955-02-21
Dinah,Walsh,1989-03-19
Jo,Janczak,2016-06-24
Bert,Chantillon,2006-12-22
Jethro,Summerill,1963-04-21
Marilee,Heaton,1973-08-09
Drona,Charman,1971-10-01
Padraig,Vicker,1964-04-26
Garry,Lever,2004-07-07
Jordan,Marquis,1981-12-10
Trixi,Andell,1963-04-01
Ramonda,Kassman,1974-05-13
Shirley,Smittoune,1985-05-18
Britni,Walklate,1983-03-28
Gray,Ginner,1992-10-08
Cyrillus,Condon,2017-12-10
Courtney,Proctor,1967-08-20
Park,Cluckie,1969-10-07
Randall,Burgett,2017-06-01
Karlik,Dannett,1976-03-04
Daphne,Beasley,1980-08-27
Bryana,Wilbud,1951-01-18
Tabby,Gallifont,1970-08-04
Stacy,Kingcote,1974-12-25
Deni,Dannatt,2015-12-27
Giusto,Dunrige,2016-05-17
Erica,Santry,1959-11-10
Irving,Davy,1968-07-10
My,Stapleford,1981-06-07
Aristotle,Howse,2016-01-18
Doro,Wren,1988-03-13
Bell,Benediktovich,1987-01-02
Goober,Pitney,1987-03-18
Gerta,Varnam,1967-05-31
Reynard,Giraldez,1960-06-18
Christopher,Harraway,2007-12-14
Gigi,Tinson,2002-09-07
Cathleen,Deverock,2006-09-15
Cherlyn,Qualtrough,2019-01-18
Christy,Prudham,1960-10-14
Ermengarde,Wardale,1984-05-21
Kimberley,Seak,1985-09-10
Cathlene,Portch,2014-08-04
Fredericka,Denk,2017-06-06
Jobye,Taunton,1962-12-23
Iormina,Stockau,2007-01-08
Starr,Kira,1982-05-18
Ruthy,Fowlston,1962-11-05
Perla,Coche,1960-07-05
Harmonia,Coultar,1964-11-24
Fanchette,Zmitrovich,1995-04-13
Jared,Notton,1970-10-22
Ann-marie,Hasloch,2000-04-06
Helge,Trussler,1988-10-01
Carroll,Franzetti,1961-06-01
Hercule,Chicchelli,1990-09-01
Peter,Crufts,1956-02-29
Virginie,Troop,2001-12-12
Berri,Pearcehouse,1984-10-22
Nedda,Beaten,2011-09-02
Raven,Ballach,1998-08-11
Gannon,Moehle,2010-07-08
Auberon,Meates,1952-11-06
Lolly,Manchester,1964-11-03
Judah,Scrowston,2000-02-08
Fredrika,Mitchelson,2009-07-04
Liesa,Lakin,1954-08-20
Jackqueline,Lafferty,1988-11-09
Belvia,Venables,2006-09-21
Ariel,Jedrzej,1992-10-10
Terra,Baldery,1956-12-21
Robina,Van Der Straaten,1957-02-23
Daune,Guildford,1957-06-02
Tallie,Rollinshaw,1964-11-27
Floris,McVittie,2017-02-11
Huey,Berrigan,1977-08-28
Ynes,Seman,1995-11-02
Hyatt,Rubury,2014-09-27
Winifield,Beal,1951-01-23
Shirlene,Freckelton,1974-05-22
Tracy,Stoneman,1958-02-06
Glynda,Castello,1990-07-09
Trudie,Aldgate,1973-04-17
Debbi,Clausen-Thue,1989-11-30
Sherlocke,Klimuk,1953-07-16
Georgeanna,Hlavac,2008-09-11
Valeria,Beausang,1997-06-20
Jasen,Napolitano,1988-02-14
Bette,Michelin,1954-02-04
Iorgo,Rennie,2004-02-25
Munmro,Matchitt,1958-07-20
Robert,Staining,1977-12-15
Pyotr,Roels,2012-09-25
Lilla,Whodcoat,1974-12-01
Betty,Penni,1978-06-13
Mireielle,Tidbury,1971-07-22
James,Trebble,1973-11-14
Sheryl,Needham,1986-08-08
Avril,Rate,1972-09-29
Gwenneth,Callicott,1995-08-31
Wilden,Lintall,2013-04-15
Verene,Zimek,1953-03-13
Shandeigh,Head,2006-12-25
Roberto,Chree,1962-04-30
Winifred,Ellis,1964-03-09
Keary,Shurville,2010-12-11
Henrietta,Stallebrass,2013-06-16
Cindy,Bolens,1951-08-12
Karita,Petasch,2016-02-16
Josi,Iacabucci,2016-10-06
Fiann,Caltera,2013-01-16
Dani,Purdy,2009-12-10
Trix,Dumini,1967-10-18
Milly,Sheehan,2005-06-02
Sebastien,Hanfrey,2004-11-21
Jasen,Butterfield,1980-03-28
Windy,Bonnick,1977-06-25
Goldy,Carlesso,1998-08-11
Guenna,Anthill,1965-03-10
Balduin,Lavery,1953-10-18
Almeda,Wallbridge,1966-02-26
Edd,Dunckley,1952-07-20
Vinnie,Oakman,1979-08-14
Faith,Corley,1957-03-11
Isidoro,Gough,1979-07-27
Gilligan,Coldbathe,1988-03-21
Kristo,Piper,2017-05-02
Georgina,Cahalin,1956-10-08
Ruperta,Tesauro,1970-08-03
Isadora,Van der Velde,1957-07-30
Norris,Hardeman,1976-01-20
Selinda,Roper,1962-06-01
Marcelo,Cayton,1977-09-21
Eustace,Flanigan,1979-03-24
Joanie,Ceresa,1980-09-27
Wilie,Mc Corley,1956-03-24
Melvin,Dannell,2007-04-01
Starla,Brisbane,1984-04-21
Rodge,Burnall,2009-05-09
Raphaela,Cadigan,1997-12-31
Ethelred,Missington,1993-10-28
Sebastien,Ellard,1981-07-17
Ricky,Cassel,1971-06-30
Michal,Dwyr,2006-07-06
Dulcy,Biffen,2010-11-11
Hayley,Cleynman,2014-12-07
Bren,MacMarcuis,1968-10-17
Bar,Birwhistle,1982-11-03
Fairleigh,Fripps,2004-03-04
Rodie,Richardeau,1958-09-05
Miquela,Sinnatt,1994-04-08
Aurelea,Jahn,2011-05-20
Raleigh,Sibery,1992-03-26
Kylie,Chattock,1975-07-23
Corena,Hallgarth,1983-10-30
Regan,Izac,1955-01-26
Shay,Gave,1993-09-25
Laurene,Hakeworth,1961-05-28
Armando,Clampe,1975-05-28
Gage,Coppenhall,1972-08-24
Raul,Broadley,2001-07-13
Shana,Cranny,1987-05-28
Clarita,Wasmuth,2015-02-09
Phillida,Stracey,2000-09-28
Gussie,MacGorman,2005-10-25
Virgilio,Chilcott,1955-05-02
Abramo,Ferneley,1971-09-02
Siffre,Pampling,1977-11-20
Ernst,Theaker,1977-03-18
Clifford,Wiltshire,1966-02-16
Dwayne,Samsonsen,2019-05-16
Kermit,Brickstock,1960-11-06
Felizio,Stampe,2000-03-20
Jeffrey,Puttock,2003-11-23
Donavon,Rainton,2001-11-07
Farr,Pouck,1956-05-03
Jarvis,Greenacre,1998-04-16
Bernard,Hancke,2001-02-22
Blancha,Meriguet,1986-10-18
Livia,Epelett,1951-09-19
Phyllys,Attoc,1974-08-30
Elliot,Henrie,1985-12-05
Farica,Bownas,1956-12-14
Karrie,Magarrell,1972-08-20
Emmanuel,Harrinson,1957-12-10
Randi,Bendall,2004-03-01
Penelope,Ossulton,1952-08-19
Vite,Lindores,2009-01-31
Zsa zsa,Grigorescu,1977-02-10
Bren,Siemianowicz,1952-07-03
Janis,Brydon,1978-05-06
Inez,Proudler,2003-04-04
Gwenora,Filchagin,1957-06-16
Davida,Sokale,1996-10-14
Rriocard,Lottrington,1963-09-20
Mal,Childe,2006-06-26
Hobie,Haslehurst,1988-11-04
Emalee,Feely,1961-03-26
Ardisj,Longland,2002-04-21
Brien,Duffer,1984-09-10
Dougie,Scading,2000-01-11
Sid,Ochterlonie,2004-10-05
Averell,Gasgarth,2016-06-09
Tabbie,Joslyn,2008-05-10
Merrielle,Bibby,1963-01-25
Krystyna,Penrice,1998-09-02
Neville,Beckley,2019-01-13
Mathe,Garz,2011-04-11
Case,Pentecust,1995-09-22
Joel,Gery,1989-04-14
Enrique,Klaffs,1967-05-23
Fianna,Carlon,1974-02-05
Emmie,Moneti,1962-10-12
Andonis,Donisthorpe,1995-01-25
Colas,Mattityahou,1955-06-29
Mariellen,MacKenzie,1983-10-01
Ransell,Hamman,1964-01-30
Annabelle,Murrells,2003-02-19
Raviv,Bracco,1975-12-10
Lanae,Fife,1962-07-01
Natalya,Minerdo,1998-02-27
Rudyard,Lemmon,1999-11-25
Ulrikaumeko,Linneman,1987-05-17
Sharia,Botterman,2006-06-28
Marcelo,Stockings,2014-09-27
Aila,Thornham,1963-08-14
Lorine,Dowgill,2019-05-07
Tadd,Cordall,1964-09-14
Marcelle,Winley,1988-01-26
Shea,Rubee,1981-05-23
Stern,Guterson,1977-03-06
Carlye,Carryer,1980-07-16
Mick,Labat,1980-03-18
Frieda,Gonzales,1997-07-13
Hope,Bowkett,1988-12-12
Nowell,Belderfield,1978-04-11
Gibby,Balme,1973-03-06
Derry,Falloon,1989-08-21
Inglis,Tranmer,1987-06-15
Carolyn,Grishagin,1964-09-05
Ninette,Weiner,1986-04-21
Georges,Cosby,1988-02-04
Free,Pennell,1990-03-15
Koenraad,Ketley,1950-10-19
Gal,Wooff,1995-10-17
Tessie,Gyrgorwicx,1977-12-12
Shane,Maylam,1979-11-03
Ronica,Fontel,1969-07-27
Torey,Sicily,1997-08-30
Enoch,Eagger,1992-02-02
Loralie,Clemo,1978-10-30
Granny,Semour,2000-07-14
Wallas,Balderson,1969-09-05
Shani,Barends,1977-08-14
Mathilda,Whales,1959-05-26
Doyle,Ferriman,2016-04-25
Zulema,Lieber,2003-03-17
Asher,Nyland,1954-10-20
Isahella,Kenneford,1977-04-08
Tulley,Lyptratt,1971-07-25
Cathryn,Wilbraham,2008-01-09
